ID,sensor,tiempo,actividad,evento,exito
264,0,7757,1,0,0
264,0,7886,2,0,0
265,0,10743,1,0,0
265,0,10909,2,0,0
265,0,11029,3,0,0
264,1,44713,1,0,0
264,0,82135,3,0,0
264,0,82248,4,0,0
264,0,83293,5,1,1
264,1,89908,2,0,0
264,1,90030,3,0,0
264,1,90146,4,0,0
264,1,91051,5,1,1
264,1,91063,6,1,1
264,1,91169,7,1,1
264,1,91288,8,1,1
264,1,91397,9,1,1
264,1,91511,10,1,1
264,1,91629,11,1,1
264,1,91750,12,1,1
264,1,91872,13,1,1
264,1,91990,14,1,1
264,1,92131,15,1,1
264,1,92252,16,1,1
264,1,92374,17,1,1
264,1,92491,18,1,1
264,1,92609,19,1,1
264,1,92734,20,1,1
264,1,92871,21,1,1
264,1,93259,22,1,1
264,1,93373,23,1,1
264,1,93494,24,1,1
264,1,93616,25,1,1
264,1,93886,26,1,1
264,1,94001,27,1,1
264,1,94290,28,1,1
264,1,94411,29,1,1
264,1,94553,30,1,1
264,1,94831,31,1,1
264,1,94949,32,1,1
264,1,95070,33,1,1
264,1,95333,34,1,1
264,1,95718,35,1,1
264,1,95832,36,1,1
264,1,95952,37,1,1
264,1,96086,38,1,1
264,1,96203,39,1,1
264,1,96348,40,1,1
264,1,96465,41,1,1
264,1,96587,42,1,1
264,1,96709,43,1,1
264,1,96850,44,1,1
264,1,96987,45,1,1
264,1,97532,46,1,1
264,1,97724,47,1,1
264,1,97893,48,1,1
264,1,98210,49,1,1
264,1,98313,50,1,1
264,1,98548,51,1,1
264,1,98716,52,1,1
264,1,98834,53,1,1
264,1,98960,54,1,1
264,1,99171,55,1,1
264,1,99222,56,1,1
264,1,99367,57,1,1
264,1,120797,58,1,1
264,1,121100,59,1,1
264,1,122003,60,2,2
264,1,122110,61,2,2
264,1,122216,62,2,2
264,1,122463,63,2,2
264,1,122565,64,2,2
264,1,122675,65,2,2
264,1,122784,66,2,2
264,1,122910,67,2,2
264,1,123047,68,2,2
264,1,123176,69,2,2
264,1,123298,70,2,2
264,1,123416,71,2,2
264,1,123537,72,2,2
264,1,123925,73,2,2
264,1,124309,74,2,2
265,0,122657,4,0,0
264,1,124427,75,2,2
264,1,124545,76,2,2
265,1,132418,1,0,0
265,1,132521,2,0,0
265,1,132634,3,0,0
265,1,132733,4,0,0
265,1,133628,5,1,1
265,1,133702,6,1,1
265,1,134030,7,1,1
265,1,134130,8,1,1
265,1,134235,9,1,1
265,1,134343,10,1,1
265,1,134455,11,1,1
265,1,134563,12,1,1
265,1,134675,13,1,1
265,1,134779,14,1,1
265,1,134894,15,1,1
265,1,135007,16,1,1
265,1,135118,17,1,1
265,1,135223,18,1,1
265,1,135342,19,1,1
265,1,135454,20,1,1
265,1,135569,21,1,1
265,1,135673,22,1,1
265,1,135793,23,1,1
265,1,136022,24,1,1
265,1,136140,25,1,1
265,1,136260,26,1,1
265,1,136376,27,1,1
265,1,136492,28,1,1
265,1,136603,29,1,1
265,1,136723,30,1,1
265,1,136839,31,1,1
265,1,136954,32,1,1
265,1,137063,33,1,1
265,1,137186,34,1,1
265,1,137306,35,1,1
265,1,137448,36,1,1
265,1,137568,37,1,1
264,1,235388,77,2,2
264,1,235537,78,2,2
264,1,235642,79,2,2
264,1,236547,80,3,3
264,1,236658,81,3,3
264,1,236772,82,3,3
264,1,236894,83,3,3
264,1,237019,84,3,3
264,1,237140,85,3,3
264,1,237250,86,3,3
264,1,237379,87,3,3
264,1,237501,88,3,3
264,1,237619,89,3,3
264,1,237991,90,3,3
264,1,238108,91,3,3
264,1,238234,92,3,3
264,1,238359,93,3,3
264,1,238489,94,3,3
264,1,238607,95,3,3
264,1,238743,96,3,3
264,1,238865,97,3,3
264,1,238998,98,3,3
264,1,239139,99,3,3
264,1,239264,100,3,3
264,1,239390,101,3,3
264,1,240115,102,3,3
264,1,240261,103,3,3
264,1,240374,104,3,3
264,1,281314,105,4,4
264,1,281406,106,4,4
264,1,281528,107,4,4
264,1,281646,108,4,4
264,1,281766,109,4,4
264,1,281888,110,4,4
264,1,282006,111,4,4
264,1,282120,112,4,4
264,1,282237,113,4,4
264,1,282378,114,4,4
264,1,282497,115,4,4
264,1,282617,116,4,4
264,1,282743,117,4,4
264,1,282868,118,4,4
264,1,282997,119,4,4
264,1,283119,120,4,4
264,1,283241,121,4,4
264,1,283374,122,4,4
264,1,283492,123,4,4
264,1,283613,124,4,4
264,1,283743,125,4,4
264,1,283864,126,4,4
264,1,283998,127,4,4
264,1,284119,128,4,4
264,1,284417,129,4,4
264,1,284538,130,4,4
264,1,284660,131,4,4
264,1,284899,132,4,4
264,1,285330,133,4,4
264,1,285436,134,4,4
264,1,285597,135,4,4
264,1,285679,136,4,4
264,1,285782,137,4,4
264,1,285945,138,4,4
264,1,286032,139,4,4
264,1,286365,140,4,4
264,1,286467,141,4,4
265,1,301456,38,1,1
265,1,301560,39,1,1
265,1,302470,40,2,2
265,1,302517,41,2,2
265,1,302632,42,2,2
265,1,302741,43,2,2
265,1,302849,44,2,2
265,1,302957,45,2,2
265,1,303065,46,2,2
265,1,303169,47,2,2
265,1,303277,48,2,2
265,1,303392,49,2,2
265,1,303497,50,2,2
265,1,303612,51,2,2
265,1,303724,52,2,2
265,1,303844,53,2,2
265,1,303951,54,2,2
265,1,304068,55,2,2
265,1,304183,56,2,2
265,1,304419,57,2,2
265,1,304542,58,2,2
265,1,304654,59,2,2
265,1,304770,60,2,2
265,1,304882,61,2,2
265,1,305002,62,2,2
265,1,305114,63,2,2
265,0,341239,5,1,1
265,1,354217,64,2,2
265,1,355150,65,3,3
265,1,355185,66,3,3
265,1,355286,67,3,3
265,1,355383,68,3,3
265,1,355490,69,3,3
265,1,355591,70,3,3
265,1,355695,71,3,3
265,1,355795,72,3,3
265,1,355900,73,3,3
265,1,356003,74,3,3
265,1,356111,75,3,3
265,1,356219,76,3,3
265,1,356328,77,3,3
265,1,356444,78,3,3
265,1,356674,79,3,3
265,1,356783,80,3,3
265,1,356895,81,3,3
265,1,357010,82,3,3
265,1,357127,83,3,3
265,1,380231,84,3,3
265,1,381168,85,4,4
265,1,381211,86,4,4
265,1,381315,87,4,4
265,1,381408,88,4,4
265,1,381631,89,4,4
265,1,381967,90,4,4
265,1,382063,91,4,4
265,1,382172,92,4,4
265,1,382279,93,4,4
265,1,382388,94,4,4
265,1,382488,95,4,4
265,1,382600,96,4,4
265,1,382707,97,4,4
265,1,382812,98,4,4
265,1,382916,99,4,4
265,1,383020,100,4,4
265,1,383136,101,4,4
265,1,383248,102,4,4
265,1,383364,103,4,4
265,1,383475,104,4,4
265,1,383584,105,4,4
265,1,383691,106,4,4
265,1,383818,107,4,4
265,1,383934,108,4,4
265,1,384047,109,4,4
265,1,384166,110,4,4
265,1,384278,111,4,4
264,0,391297,6,1,1
264,1,442286,142,4,4
264,1,442399,143,4,4
264,1,442517,144,4,4
264,1,443441,145,5,5
264,1,443462,146,5,5
264,1,443587,147,5,5
264,1,443744,148,5,5
264,1,443862,149,5,5
264,1,443986,150,5,5
264,1,444116,151,5,5
264,1,444234,152,5,5
264,1,444356,153,5,5
264,1,444481,154,5,5
264,1,444607,155,5,5
264,1,444728,156,5,5
264,1,444837,157,5,5
264,1,444955,158,5,5
264,1,445088,159,5,5
264,1,445203,160,5,5
264,1,445335,161,5,5
264,1,445450,162,5,5
264,1,445889,163,5,5
264,1,446003,164,5,5
264,1,446108,165,5,5
264,1,446237,166,5,5
264,1,446359,167,5,5
264,1,446481,168,5,5
264,1,446599,169,5,5
265,1,521834,112,4,4
265,1,521930,113,4,4
265,1,522028,114,4,4
265,1,522941,115,5,5
265,1,523045,116,5,5
265,1,523157,117,5,5
265,1,523270,118,5,5
265,1,523381,119,5,5
265,1,523489,120,5,5
265,1,523597,121,5,5
265,1,523705,122,5,5
265,1,523813,123,5,5
265,1,523932,124,5,5
265,1,524034,125,5,5
265,1,524149,126,5,5
265,1,524265,127,5,5
265,1,524388,128,5,5
265,1,524504,129,5,5
265,1,524620,130,5,5
265,1,524735,131,5,5
265,1,524855,132,5,5
265,1,525117,133,5,5
265,1,525225,134,5,5
265,1,525349,135,5,5
265,1,525461,136,5,5
265,1,525577,137,5,5
265,1,525697,138,5,5
265,1,525808,139,5,5
265,1,525920,140,5,5
265,1,526040,141,5,5
265,1,526197,142,5,5
265,1,526321,143,5,5
264,1,538668,170,6,6
264,1,538790,171,6,6
264,1,538940,172,6,6
264,1,539061,173,6,6
264,1,539195,174,6,6
264,1,539304,175,6,6
264,1,539421,176,6,6
264,1,539543,177,6,6
264,1,539661,178,6,6
264,1,539787,179,6,6
264,1,539908,180,6,6
264,1,540029,181,6,6
264,1,540147,182,6,6
264,1,540277,183,6,6
264,1,540394,184,6,6
264,1,540512,185,6,6
264,1,540638,186,6,6
264,1,540759,187,6,6
264,1,540900,188,6,6
264,1,541022,189,6,6
264,1,541159,190,6,6
264,1,541281,191,6,6
264,1,541402,192,6,6
264,1,541523,193,6,6
264,1,541657,194,6,6
264,1,541778,195,6,6
264,1,541916,196,6,6
264,1,542028,197,6,6
264,1,542162,198,6,6
264,1,542288,199,6,6
264,1,542413,200,6,6
264,1,542551,201,6,6
264,1,542668,202,6,6
264,1,542797,203,6,6
264,1,542962,204,6,6
264,1,543363,205,6,6
264,1,543499,206,6,6
264,1,543636,207,6,6
264,1,543859,208,6,6
265,1,581092,144,5,5
265,1,582006,145,6,6
265,1,582019,146,6,6
265,1,582115,147,6,6
265,1,582215,148,6,6
265,1,582304,149,6,6
265,1,582412,150,6,6
265,1,582516,151,6,6
265,1,582621,152,6,6
265,1,582725,153,6,6
265,1,582848,154,6,6
265,1,582957,155,6,6
265,1,583060,156,6,6
265,1,583169,157,6,6
265,1,583273,158,6,6
265,1,583396,159,6,6
265,1,583504,160,6,6
265,1,583619,161,6,6
265,1,583732,162,6,6
265,1,583863,163,6,6
265,1,583998,164,6,6
265,1,584118,165,6,6
265,1,584237,166,6,6
265,1,584349,167,6,6
265,1,584461,168,6,6
265,1,584585,169,6,6
265,1,584720,170,6,6
265,1,584840,171,6,6
265,1,584958,172,6,6
265,1,585075,173,6,6
265,1,585191,174,6,6
265,1,585561,175,6,6
265,1,585673,176,6,6
265,1,585785,177,6,6
265,1,585896,178,6,6
265,1,591847,179,6,6
264,1,605851,209,6,6
264,1,606790,210,7,7
264,1,606816,211,7,7
264,1,606961,212,7,7
264,1,607075,213,7,7
264,1,607196,214,7,7
264,1,607322,215,7,7
264,1,607463,216,7,7
264,1,607584,217,7,7
264,1,607710,218,7,7
264,1,607847,219,7,7
264,1,607991,220,7,7
265,1,631388,180,7,7
265,1,631446,181,7,7
265,1,631539,182,7,7
265,1,631640,183,7,7
265,1,631732,184,7,7
265,1,631828,185,7,7
265,1,631928,186,7,7
265,1,632029,187,7,7
265,1,632133,188,7,7
265,1,632238,189,7,7
265,1,632342,190,7,7
265,1,632445,191,7,7
265,1,632550,192,7,7
265,1,632670,193,7,7
265,1,632774,194,7,7
265,1,632882,195,7,7
265,1,632986,196,7,7
265,1,633094,197,7,7
265,1,633209,198,7,7
265,1,633321,199,7,7
265,1,633437,200,7,7
265,1,633541,201,7,7
265,1,633658,202,7,7
265,1,633781,203,7,7
265,1,633888,204,7,7
265,1,634004,205,7,7
265,1,634117,206,7,7
265,1,634236,207,7,7
265,1,634355,208,7,7
265,1,634468,209,7,7
265,1,634588,210,7,7
265,1,634702,211,7,7
265,1,634826,212,7,7
265,1,634949,213,7,7
265,1,635073,214,7,7
265,1,635193,215,7,7
265,1,635320,216,7,7
265,1,635444,217,7,7
265,1,635575,218,7,7
265,1,635686,219,7,7
265,1,635810,220,7,7
265,1,635937,221,7,7
265,1,636065,222,7,7
265,1,636231,223,7,7
265,1,636358,224,7,7
265,1,636609,225,7,7
265,1,636949,226,7,7
265,1,637084,227,7,7
265,1,637238,228,7,7
264,1,759903,221,7,7
264,1,760020,222,7,7
264,1,760138,223,7,7
264,1,760248,224,7,7
265,1,757471,229,7,7
264,1,761163,225,8,8
264,1,761279,226,8,8
264,1,761436,227,8,8
264,1,761572,228,8,8
265,1,758374,230,8,8
265,1,758401,231,8,8
264,1,761706,229,8,8
265,1,758502,232,8,8
264,1,761823,230,8,8
265,1,758602,233,8,8
264,1,761945,231,8,8
265,1,758702,234,8,8
265,1,758810,235,8,8
264,1,762066,232,8,8
265,1,758915,236,8,8
264,1,762188,233,8,8
265,1,759014,237,8,8
264,1,762305,234,8,8
265,1,759134,238,8,8
264,1,762423,235,8,8
265,1,759238,239,8,8
264,1,762549,236,8,8
265,1,759347,240,8,8
264,1,762682,237,8,8
265,1,759462,241,8,8
264,1,762808,238,8,8
265,1,759570,242,8,8
264,1,762929,239,8,8
265,1,759701,243,8,8
264,1,763062,240,8,8
265,1,759821,244,8,8
264,1,763196,241,8,8
265,1,759952,245,8,8
264,1,763321,242,8,8
265,1,760076,246,8,8
264,1,763447,243,8,8
265,1,760199,247,8,8
265,1,760318,248,8,8
264,1,763595,244,8,8
264,1,763724,245,8,8
265,1,760569,249,8,8
264,1,763854,246,8,8
265,1,760693,250,8,8
264,1,763987,247,8,8
265,1,760813,251,8,8
264,1,764121,248,8,8
264,1,764254,249,8,8
264,1,764395,250,8,8
264,1,764545,251,8,8
264,1,764665,252,8,8
264,1,764803,253,8,8
264,1,764933,254,8,8
264,1,765058,255,8,8
264,1,765210,256,8,8
264,1,818746,257,8,8
264,1,818844,258,8,8
264,1,818915,259,8,8
264,1,819764,260,9,9
264,1,819832,261,9,9
264,1,819970,262,9,9
265,1,816651,252,8,8
264,1,820091,263,9,9
265,1,816775,253,8,8
264,1,820205,264,9,9
264,1,820345,265,9,9
264,1,820467,266,9,9
264,1,820589,267,9,9
265,1,817222,254,8,8
264,1,820703,268,9,9
264,1,820950,269,9,9
264,1,821071,270,9,9
264,1,821196,271,9,9
264,1,821342,272,9,9
264,1,821463,273,9,9
265,1,818136,255,9,9
264,1,821604,274,9,9
264,1,821730,275,9,9
264,1,821859,276,9,9
264,1,821988,277,9,9
264,1,822114,278,9,9
264,1,822270,279,9,9
264,1,822392,280,9,9
264,1,980551,281,9,9
264,1,980654,282,9,9
264,1,980783,283,9,9
264,1,980913,284,9,9
264,1,981848,285,10,10
264,1,981869,286,10,10
264,1,981983,287,10,10
264,1,982100,288,10,10
264,1,982217,289,10,10
264,1,982339,290,10,10
264,1,982457,291,10,10
264,1,982575,292,10,10
264,1,982700,293,10,10
264,1,982825,294,10,10
264,1,982946,295,10,10
264,1,983068,296,10,10
264,1,983190,297,10,10
264,1,983319,298,10,10
264,1,983429,299,10,10
264,1,983566,300,10,10
264,1,983699,301,10,10
264,1,984131,302,10,10
265,1,1006437,256,9,9
265,1,1006526,257,9,9
265,1,1006618,258,9,9
265,1,1006710,259,9,9
265,1,1007609,260,10,10
265,1,1007637,261,10,10
265,1,1007756,262,10,10
265,1,1008393,263,10,10
265,1,1008505,264,10,10
265,1,1008720,265,10,10
265,1,1008837,266,10,10
265,1,1008945,267,10,10
265,1,1009049,268,10,10
265,1,1009165,269,10,10
265,1,1009276,270,10,10
265,1,1009385,271,10,10
265,1,1009488,272,10,10
265,1,1009601,273,10,10
265,1,1009720,274,10,10
265,1,1009847,275,10,10
265,1,1009967,276,10,10
265,1,1010082,277,10,10
265,1,1010199,278,10,10
265,1,1010314,279,10,10
265,1,1010429,280,10,10
265,1,1010546,281,10,10
265,1,1010677,282,10,10
265,1,1010792,283,10,10
265,1,1010909,284,10,10
265,1,1011043,285,10,10
265,1,1011167,286,10,10
265,1,1011287,287,10,10
265,1,1011405,288,10,10
265,1,1011540,289,10,10
265,1,1011673,290,10,10
265,1,1011795,291,10,10
265,1,1011919,292,10,10
265,1,1012055,293,10,10
265,1,1012190,294,10,10
265,1,1012332,295,10,10
265,1,1015033,296,10,10
265,1,1015558,297,10,10
264,1,1104621,303,10,10
264,1,1104771,304,10,10
264,1,1105710,305,11,11
264,1,1105778,306,11,11
264,1,1105915,307,11,11
264,1,1106053,308,11,11
264,1,1106182,309,11,11
264,1,1106315,310,11,11
264,1,1106468,311,11,11
264,1,1106601,312,11,11
264,1,1106735,313,11,11
264,1,1106860,314,11,11
264,1,1106993,315,11,11
264,1,1107123,316,11,11
264,1,1107248,317,11,11
264,1,1107382,318,11,11
264,1,1107511,319,11,11
264,1,1107644,320,11,11
264,1,1107770,321,11,11
264,1,1108973,322,11,11
264,1,1109083,323,11,11
264,1,1109209,324,11,11
264,1,1109322,325,11,11
264,1,1109439,326,11,11
264,1,1109557,327,11,11
264,1,1109698,328,11,11
264,1,1109812,329,11,11
264,1,1109929,330,11,11
264,1,1110047,331,11,11
264,1,1110165,332,11,11
264,1,1110290,333,11,11
265,1,1106233,298,10,10
264,1,1110408,334,11,11
265,1,1106325,299,10,10
264,1,1110560,335,11,11
264,1,1110678,336,11,11
264,1,1110835,337,11,11
264,1,1110961,338,11,11
264,1,1111090,339,11,11
264,1,1111216,340,11,11
264,1,1111364,341,11,11
265,1,1107262,300,11,11
264,1,1111494,342,11,11
264,1,1111615,343,11,11
265,1,1107536,301,11,11
265,1,1107640,302,11,11
264,1,1111749,344,11,11
265,1,1107752,303,11,11
264,1,1111885,345,11,11
265,1,1107861,304,11,11
265,1,1107969,305,11,11
265,1,1108091,306,11,11
265,1,1108211,307,11,11
265,1,1108323,308,11,11
265,1,1108440,309,11,11
265,1,1108555,310,11,11
265,1,1108675,311,11,11
265,1,1108798,312,11,11
264,1,1112944,346,11,11
265,1,1108925,313,11,11
264,1,1113051,347,11,11
265,1,1109045,314,11,11
264,1,1113176,348,11,11
265,1,1109169,315,11,11
264,1,1113300,349,11,11
265,1,1109315,316,11,11
264,1,1113426,350,11,11
265,1,1109439,317,11,11
264,1,1113579,351,11,11
265,1,1109562,318,11,11
265,1,1109693,319,11,11
265,1,1109836,320,11,11
265,1,1109979,321,11,11
265,1,1152629,322,11,11
265,1,1152738,323,11,11
265,1,1152849,324,11,11
265,1,1153756,325,12,12
265,1,1154219,326,12,12
265,1,1154331,327,12,12
265,1,1154440,328,12,12
265,1,1154547,329,12,12
265,1,1154805,330,12,12
265,1,1154907,331,12,12
265,1,1155006,332,12,12
265,1,1155458,333,12,12
265,1,1155802,334,12,12
265,1,1232525,335,13,13
265,1,1232614,336,13,13
265,1,1232721,337,13,13
265,1,1232830,338,13,13
265,1,1232942,339,13,13
265,1,1233053,340,13,13
265,1,1233158,341,13,13
265,1,1233273,342,13,13
265,1,1233389,343,13,13
265,1,1233509,344,13,13
265,1,1233625,345,13,13
265,1,1233737,346,13,13
265,1,1233849,347,13,13
265,1,1233960,348,13,13
265,1,1234073,349,13,13
265,1,1234192,350,13,13
265,1,1234312,351,13,13
265,1,1234447,352,13,13
265,1,1234563,353,13,13
265,1,1234681,354,13,13
265,1,1234794,355,13,13
265,1,1234910,356,13,13
265,1,1235028,357,13,13
265,1,1235145,358,13,13
265,1,1235268,359,13,13
265,1,1235392,360,13,13
265,1,1235512,361,13,13
265,1,1235632,362,13,13
265,1,1235755,363,13,13
265,1,1235874,364,13,13
265,1,1236017,365,13,13
265,1,1236145,366,13,13
265,1,1236263,367,13,13
265,1,1236387,368,13,13
265,1,1236518,369,13,13
265,1,1236641,370,13,13
265,1,1236761,371,13,13
265,1,1236885,372,13,13
265,1,1237016,373,13,13
265,1,1237129,374,13,13
265,1,1237367,375,13,13
265,1,1237494,376,13,13
265,1,1237614,377,13,13
265,1,1237742,378,13,13
265,1,1238003,379,13,13
265,1,1238123,380,13,13
265,1,1238243,381,13,13
265,1,1249197,382,13,13
265,1,1249309,383,13,13
265,1,1249567,384,13,13
265,1,1249701,385,13,13
265,1,1249806,386,13,13
265,1,1249926,387,13,13
265,1,1250034,388,13,13
265,1,1250146,389,13,13
265,1,1250266,390,13,13
265,1,1250381,391,13,13
265,1,1250493,392,13,13
265,1,1250601,393,13,13
265,1,1250728,394,13,13
265,1,1250860,395,13,13
265,1,1251003,396,13,13
265,1,1251122,397,13,13
265,1,1251246,398,13,13
265,1,1329294,399,13,13
264,1,1334415,352,11,11
264,1,1334517,353,11,11
264,1,1334631,354,11,11
265,1,1330215,400,14,14
265,1,1330286,401,14,14
265,1,1330401,402,14,14
265,1,1330513,403,14,14
265,1,1330621,404,14,14
265,1,1330733,405,14,14
265,1,1330849,406,14,14
264,1,1335578,355,12,12
265,1,1330961,407,14,14
264,1,1335590,356,12,12
265,1,1331064,408,14,14
264,1,1335712,357,12,12
265,1,1331181,409,14,14
264,1,1335837,358,12,12
265,1,1331300,410,14,14
264,1,1335959,359,12,12
265,1,1331416,411,14,14
264,1,1336081,360,12,12
265,1,1331516,412,14,14
264,1,1336206,361,12,12
265,1,1331629,413,14,14
264,1,1336328,362,12,12
265,1,1331747,414,14,14
264,1,1336454,363,12,12
265,1,1331863,415,14,14
264,1,1336579,364,12,12
265,1,1331980,416,14,14
264,1,1336705,365,12,12
265,1,1332111,417,14,14
264,1,1336821,366,12,12
265,1,1332234,418,14,14
264,1,1336963,367,12,12
264,1,1337076,368,12,12
265,1,1332469,419,14,14
264,1,1337209,369,12,12
264,1,1337351,370,12,12
264,1,1337476,371,12,12
264,1,1337589,372,12,12
264,1,1337715,373,12,12
264,1,1337837,374,12,12
264,1,1337966,375,12,12
264,1,1338103,376,12,12
264,1,1338221,377,12,12
264,1,1338354,378,12,12
264,1,1338472,379,12,12
264,1,1338601,380,12,12
264,1,1338875,381,12,12
264,1,1420810,382,12,12
264,1,1420908,383,12,12
264,1,1421022,384,12,12
264,1,1421945,385,13,13
264,1,1421963,386,13,13
264,1,1422088,387,13,13
264,1,1422210,388,13,13
264,1,1422330,389,13,13
264,1,1422456,390,13,13
264,1,1422578,391,13,13
264,1,1422699,392,13,13
264,1,1422817,393,13,13
264,1,1422946,394,13,13
264,1,1423059,395,13,13
264,1,1423198,396,13,13
264,1,1423319,397,13,13
264,1,1423443,398,13,13
264,1,1423569,399,13,13
264,1,1423695,400,13,13
264,1,1423820,401,13,13
264,1,1423946,402,13,13
264,1,1424075,403,13,13
264,1,1424204,404,13,13
264,1,1424337,405,13,13
264,1,1424459,406,13,13
264,1,1424585,407,13,13
264,1,1424710,408,13,13
264,1,1424843,409,13,13
264,1,1424965,410,13,13
264,1,1425090,411,13,13
264,1,1425215,412,13,13
264,1,1425341,413,13,13
264,1,1425470,414,13,13
265,1,1437714,420,15,15
264,1,1469212,415,14,14
264,1,1469300,416,14,14
264,1,1469586,417,14,14
264,1,1469691,418,14,14
264,1,1469802,419,14,14
264,1,1469920,420,14,14
264,1,1470041,421,14,14
264,1,1470158,422,14,14
264,1,1470276,423,14,14
264,1,1470393,424,14,14
264,1,1470523,425,14,14
264,1,1470641,426,14,14
264,1,1470766,427,14,14
264,1,1471119,428,14,14
264,1,1471240,429,14,14
264,1,1471323,430,14,14
264,1,1471510,431,14,14
264,1,1471608,432,14,14
264,1,1489070,433,14,14
264,1,1489128,434,14,14
264,1,1490009,435,15,15
264,1,1490147,436,15,15
264,1,1490213,437,15,15
264,1,1490472,438,15,15
265,1,1494063,421,15,15
265,1,1494151,422,15,15
265,1,1494255,423,15,15
265,1,1494355,424,15,15
265,1,1495258,425,16,16
265,1,1495297,426,16,16
265,1,1495405,427,16,16
265,1,1495513,428,16,16
265,1,1495629,429,16,16
265,1,1495741,430,16,16
265,1,1495857,431,16,16
265,1,1495964,432,16,16
265,1,1496076,433,16,16
265,1,1496196,434,16,16
265,1,1496304,435,16,16
265,1,1496428,436,16,16
265,1,1496531,437,16,16
265,1,1496663,438,16,16
265,1,1496774,439,16,16
265,1,1496898,440,16,16
265,1,1497145,441,16,16
265,1,1497262,442,16,16
265,1,1497384,443,16,16
265,1,1497508,444,16,16
265,1,1497624,445,16,16
265,1,1497744,446,16,16
265,1,1497863,447,16,16
265,1,1497982,448,16,16
265,1,1498102,449,16,16
265,1,1498229,450,16,16
265,1,1498349,451,16,16
265,1,1498461,452,16,16
265,1,1498580,453,16,16
265,1,1498704,454,16,16
265,1,1498820,455,16,16
265,1,1498932,456,16,16
265,1,1499171,457,16,16
265,1,1499291,458,16,16
265,1,1499410,459,16,16
265,1,1499530,460,16,16
265,1,1499645,461,16,16
265,1,1499777,462,16,16
265,1,1499896,463,16,16
265,1,1500028,464,16,16
265,1,1500151,465,16,16
265,1,1500267,466,16,16
265,1,1500391,467,16,16
265,1,1500514,468,16,16
265,1,1500634,469,16,16
265,1,1500749,470,16,16
265,1,1500869,471,16,16
265,1,1500993,472,16,16
265,1,1501116,473,16,16
265,1,1501244,474,16,16
265,1,1501363,475,16,16
265,1,1617824,476,16,16
265,1,1617947,477,16,16
265,1,1618040,478,16,16
265,1,1618134,479,16,16
265,1,1619032,480,17,17
265,1,1619048,481,17,17
265,1,1619160,482,17,17
265,1,1619264,483,17,17
265,1,1619372,484,17,17
265,1,1619488,485,17,17
265,1,1619596,486,17,17
265,1,1619707,487,17,17
265,1,1619831,488,17,17
265,1,1619939,489,17,17
265,1,1620047,490,17,17
265,1,1620159,491,17,17
265,1,1620271,492,17,17
265,1,1620379,493,17,17
265,1,1620499,494,17,17
265,1,1620615,495,17,17
265,1,1620733,496,17,17
265,1,1620850,497,17,17
265,1,1620973,498,17,17
265,1,1621100,499,17,17
265,1,1621216,500,17,17
265,1,1621332,501,17,17
265,1,1621452,502,17,17
265,1,1621579,503,17,17
265,1,1621698,504,17,17
265,1,1621822,505,17,17
265,1,1621942,506,17,17
265,1,1622169,507,17,17
265,1,1622281,508,17,17
265,1,1622385,509,17,17
265,1,1622529,510,17,17
265,1,1622686,511,17,17
264,0,1652047,7,1,1
264,0,1652318,8,1,1
265,1,1651149,512,17,17
265,1,1651261,513,17,17
265,1,1651373,514,17,17
265,1,1652290,515,18,18
265,1,1652407,516,18,18
265,1,1652511,517,18,18
265,1,1652619,518,18,18
265,1,1652730,519,18,18
265,1,1652835,520,18,18
265,1,1652947,521,18,18
265,1,1653062,522,18,18
265,1,1653182,523,18,18
265,1,1653299,524,18,18
265,1,1653413,525,18,18
265,1,1653522,526,18,18
265,1,1653753,527,18,18
265,1,1653869,528,18,18
265,1,1653989,529,18,18
265,1,1654109,530,18,18
265,1,1654233,531,18,18
265,1,1654340,532,18,18
265,1,1654460,533,18,18
265,1,1654563,534,18,18
265,1,1654687,535,18,18
265,1,1654807,536,18,18
265,1,1654927,537,18,18
265,1,1655047,538,18,18
265,1,1655158,539,18,18
265,1,1655281,540,18,18
265,1,1655405,541,18,18
265,1,1655525,542,18,18
265,1,1655648,543,18,18
265,1,1655783,544,18,18
265,1,1657558,545,18,18
265,1,1658206,546,18,18
265,1,1658681,547,18,18
265,1,1658792,548,18,18
265,1,1658908,549,18,18
265,1,1659916,550,18,18
265,1,1661574,551,18,18
264,1,1667502,439,15,15
265,1,1662230,552,18,18
265,1,1662870,553,18,18
264,1,1668405,440,16,16
264,1,1668516,441,16,16
264,1,1668638,442,16,16
264,1,1668748,443,16,16
264,1,1668853,444,16,16
264,1,1668971,445,16,16
264,1,1669089,446,16,16
264,1,1669206,447,16,16
264,1,1669324,448,16,16
264,1,1669441,449,16,16
264,1,1669555,450,16,16
264,1,1669677,451,16,16
264,1,1669797,452,16,16
264,1,1669923,453,16,16
264,1,1670041,454,16,16
264,1,1670166,455,16,16
264,1,1670311,456,16,16
264,1,1670441,457,16,16
264,1,1670562,458,16,16
264,1,1670684,459,16,16
264,1,1670809,460,16,16
264,1,1670935,461,16,16
264,1,1671071,462,16,16
264,1,1671193,463,16,16
264,1,1671319,464,16,16
264,1,1671444,465,16,16
264,1,1671570,466,16,16
264,1,1671703,467,16,16
264,1,1671840,468,16,16
264,1,1672099,469,16,16
264,1,1672220,470,16,16
264,1,1672342,471,16,16
264,1,1672467,472,16,16
264,1,1672593,473,16,16
264,1,1672722,474,16,16
264,1,1672851,475,16,16
264,1,1672977,476,16,16
264,1,1673122,477,16,16
264,1,1673259,478,16,16
264,1,1673384,479,16,16
264,1,1673505,480,16,16
264,1,1673635,481,16,16
264,1,1673764,482,16,16
264,1,1673893,483,16,16
264,1,1674035,484,16,16
264,1,1674431,485,16,16
264,1,1674548,486,16,16
264,1,1674674,487,16,16
264,1,1674815,488,16,16
264,1,1674932,489,16,16
264,1,1675054,490,16,16
264,1,1675175,491,16,16
264,1,1675293,492,16,16
264,1,1675415,493,16,16
264,1,1675540,494,16,16
264,1,1675705,495,16,16
264,1,1675830,496,16,16
264,1,1676754,497,16,16
265,1,1725810,554,18,18
265,1,1726763,555,19,19
265,1,1726825,556,19,19
265,1,1726929,557,19,19
265,1,1727034,558,19,19
265,1,1727138,559,19,19
265,1,1727243,560,19,19
265,1,1727346,561,19,19
265,1,1727451,562,19,19
265,1,1727566,563,19,19
265,1,1727678,564,19,19
265,1,1727782,565,19,19
265,1,1727894,566,19,19
265,1,1728003,567,19,19
265,1,1728118,568,19,19
265,1,1728234,569,19,19
265,1,1728481,570,19,19
265,1,1774826,571,19,19
265,1,1774930,572,19,19
265,1,1775066,573,19,19
265,1,1775162,574,19,19
265,1,1776076,575,20,20
264,1,1851881,498,16,16
264,1,1851991,499,16,16
264,1,1852906,500,17,17
264,1,1852958,501,17,17
264,1,1853198,502,17,17
264,1,1853320,503,17,17
264,1,1853441,504,17,17
264,1,1853571,505,17,17
264,1,1853704,506,17,17
264,1,1853826,507,17,17
264,1,1853950,508,17,17
264,1,1854071,509,17,17
264,1,1854193,510,17,17
264,1,1854319,511,17,17
264,1,1854448,512,17,17
264,1,1854574,513,17,17
264,1,1854707,514,17,17
264,1,1854840,515,17,17
264,1,1854965,516,17,17
264,1,1855094,517,17,17
264,1,1855224,518,17,17
264,1,1855362,519,17,17
264,1,1855495,520,17,17
264,1,1861903,521,17,17
264,1,1862009,522,17,17
265,1,2146491,576,20,20
265,1,2146607,577,20,20
265,1,2146703,578,20,20
265,1,2146803,579,20,20
265,1,2147701,580,21,21
265,1,2147765,581,21,21
265,1,2147872,582,21,21
265,1,2147984,583,21,21
265,1,2148097,584,21,21
265,1,2148215,585,21,21
265,1,2148324,586,21,21
265,1,2148435,587,21,21
265,1,2148540,588,21,21
265,1,2148763,589,21,21
265,1,2148883,590,21,21
265,1,2149118,591,21,21
265,1,2149230,592,21,21
265,1,2149339,593,21,21
265,1,2149446,594,21,21
265,1,2149551,595,21,21
264,1,2161634,523,17,17
264,1,2161728,524,17,17
264,1,2162631,525,18,18
264,1,2162676,526,18,18
264,1,2162798,527,18,18
264,1,2162919,528,18,18
264,1,2163041,529,18,18
264,1,2163178,530,18,18
264,1,2163300,531,18,18
264,1,2163422,532,18,18
264,1,2163531,533,18,18
264,1,2163652,534,18,18
264,1,2163775,535,18,18
264,1,2163900,536,18,18
264,1,2164021,537,18,18
264,1,2164147,538,18,18
264,1,2164256,539,18,18
264,1,2164385,540,18,18
264,1,2164507,541,18,18
264,1,2164629,542,18,18
264,1,2164754,543,18,18
264,1,2164872,544,18,18
264,1,2165013,545,18,18
264,1,2165135,546,18,18
264,1,2165264,547,18,18
264,1,2165390,548,18,18
264,1,2165499,549,18,18
264,1,2360644,550,19,19
264,1,2360657,551,19,19
264,1,2360775,552,19,19
264,1,2360897,553,19,19
264,1,2361014,554,19,19
264,1,2361136,555,19,19
264,1,2361269,556,19,19
264,1,2361391,557,19,19
264,1,2361512,558,19,19
264,1,2361630,559,19,19
264,1,2361755,560,19,19
264,1,2361876,561,19,19
264,1,2361998,562,19,19
264,1,2362120,563,19,19
264,1,2362245,564,19,19
264,1,2362316,565,19,19
264,1,2362390,566,19,19
264,1,2362512,567,19,19
264,1,2362629,568,19,19
264,1,2362755,569,19,19
264,1,2362881,570,19,19
264,1,2363005,571,19,19
265,1,2389380,596,21,21
265,1,2389495,597,21,21
265,1,2389653,598,21,21
265,1,2389831,599,21,21
264,1,2397589,572,19,19
264,1,2397703,573,19,19
264,1,2397812,574,19,19
265,1,2390825,600,22,22
265,1,2390861,601,22,22
265,1,2390973,602,22,22
265,1,2391093,603,22,22
265,1,2391208,604,22,22
265,1,2391320,605,22,22
265,1,2391428,606,22,22
264,1,2398725,575,20,20
264,1,2398757,576,20,20
265,1,2391544,607,22,22
264,1,2398875,577,20,20
265,1,2391659,608,22,22
264,1,2398992,578,20,20
265,1,2391763,609,22,22
264,1,2399114,579,20,20
265,1,2391879,610,22,22
264,1,2399220,580,20,20
265,1,2391987,611,22,22
264,1,2399338,581,20,20
265,1,2392103,612,22,22
264,1,2399455,582,20,20
265,1,2392222,613,22,22
265,1,2392334,614,22,22
265,1,2392442,615,22,22
264,1,2399703,583,20,20
265,1,2392555,616,22,22
264,1,2399812,584,20,20
265,1,2392670,617,22,22
264,1,2399926,585,20,20
265,1,2392785,618,22,22
265,1,2392902,619,22,22
265,1,2393021,620,22,22
264,1,2400282,586,20,20
265,1,2393133,621,22,22
264,1,2400389,587,20,20
265,1,2393256,622,22,22
264,1,2400505,588,20,20
265,1,2393376,623,22,22
264,1,2400631,589,20,20
265,1,2393495,624,22,22
264,1,2400748,590,20,20
265,1,2393619,625,22,22
264,1,2400874,591,20,20
265,1,2393739,626,22,22
264,1,2401003,592,20,20
265,1,2393859,627,22,22
264,1,2401273,593,20,20
265,1,2394109,628,22,22
264,1,2401395,594,20,20
265,1,2394224,629,22,22
264,1,2401513,595,20,20
265,1,2394333,630,22,22
264,1,2401638,596,20,20
265,1,2394452,631,22,22
265,1,2394564,632,22,22
265,1,2394673,633,22,22
265,1,2394784,634,22,22
265,1,2394892,635,22,22
265,1,2395012,636,22,22
265,1,2395116,637,22,22
264,1,2406366,597,20,20
264,1,2406479,598,20,20
264,1,2406601,599,20,20
264,1,2406738,600,20,20
264,1,2406848,601,20,20
264,1,2406958,602,20,20
264,1,2407071,603,20,20
264,1,2407189,604,20,20
264,1,2407307,605,20,20
264,1,2407425,606,20,20
264,1,2407569,607,20,20
264,1,2407687,608,20,20
264,1,2407804,609,20,20
264,1,2407925,610,20,20
264,1,2408047,611,20,20
264,1,2408173,612,20,20
264,1,2408298,613,20,20
264,1,2408443,614,20,20
264,1,2408568,615,20,20
265,1,2454872,638,22,22
265,1,2454968,639,22,22
265,1,2455874,640,23,23
265,1,2455987,641,23,23
265,1,2456090,642,23,23
265,1,2456199,643,23,23
265,1,2456306,644,23,23
265,1,2456426,645,23,23
265,1,2456539,646,23,23
265,1,2456653,647,23,23
265,1,2456770,648,23,23
265,1,2456878,649,23,23
265,1,2456993,650,23,23
265,1,2457113,651,23,23
265,1,2457218,652,23,23
265,1,2457325,653,23,23
265,1,2457441,654,23,23
265,1,2457553,655,23,23
265,1,2457665,656,23,23
265,1,2457785,657,23,23
265,1,2457896,658,23,23
265,1,2458008,659,23,23
265,1,2458124,660,23,23
265,1,2458244,661,23,23
265,1,2458359,662,23,23
265,1,2458475,663,23,23
265,1,2460165,664,23,23
264,1,2474332,616,20,20
264,1,2474454,617,20,20
264,1,2474571,618,20,20
264,1,2474947,619,20,20
264,1,2475843,620,21,21
264,1,2598966,621,21,21
264,1,2599087,622,21,21
264,1,2599193,623,21,21
264,1,2599299,624,21,21
264,1,2600214,625,22,22
264,1,2600247,626,22,22
264,1,2600373,627,22,22
264,1,2600506,628,22,22
264,1,2600628,629,22,22
264,1,2600737,630,22,22
264,1,2600862,631,22,22
264,1,2600987,632,22,22
264,1,2601113,633,22,22
264,1,2601235,634,22,22
264,1,2601349,635,22,22
264,1,2601482,636,22,22
264,1,2601603,637,22,22
264,1,2601854,638,22,22
264,1,2601971,639,22,22
264,1,2602093,640,22,22
264,1,2602230,641,22,22
264,1,2602348,642,22,22
264,1,2602469,643,22,22
264,1,2602595,644,22,22
264,1,2602732,645,22,22
264,1,2602853,646,22,22
264,1,2602979,647,22,22
264,1,2691379,648,22,22
264,1,2691484,649,22,22
264,1,2692388,650,23,23
264,1,2692418,651,23,23
264,1,2692528,652,23,23
264,1,2692657,653,23,23
264,1,2692774,654,23,23
264,1,2692896,655,23,23
264,1,2693017,656,23,23
264,1,2693139,657,23,23
264,1,2693261,658,23,23
264,1,2693378,659,23,23
264,1,2693504,660,23,23
264,1,2693629,661,23,23
264,1,2693750,662,23,23
264,1,2693875,663,23,23
264,1,2694001,664,23,23
264,1,2694127,665,23,23
264,1,2694252,666,23,23
264,1,2694378,667,23,23
264,1,2694511,668,23,23
265,1,2737983,665,24,24
265,1,2738038,666,24,24
265,1,2738142,667,24,24
265,1,2738253,668,24,24
265,1,2738362,669,24,24
265,1,2738462,670,24,24
265,1,2738571,671,24,24
265,1,2738682,672,24,24
265,1,2738794,673,24,24
265,1,2738918,674,24,24
265,1,2739025,675,24,24
265,1,2739137,676,24,24
265,1,2739250,677,24,24
265,1,2739369,678,24,24
265,1,2739477,679,24,24
265,1,2739585,680,24,24
265,1,2739693,681,24,24
265,1,2739821,682,24,24
265,1,2739936,683,24,24
265,1,2740048,684,24,24
265,1,2740164,685,24,24
265,1,2740268,686,24,24
265,1,2740376,687,24,24
265,1,2740484,688,24,24
265,1,2740599,689,24,24
265,1,2740719,690,24,24
265,1,2740832,691,24,24
265,1,2740943,692,24,24
265,1,2741062,693,24,24
265,1,2741179,694,24,24
264,1,2771399,669,23,23
264,1,2772312,670,24,24
264,1,2772356,671,24,24
264,1,2772497,672,24,24
264,1,2772619,673,24,24
264,1,2772740,674,24,24
264,1,2772877,675,24,24
264,1,2772995,676,24,24
264,1,2773116,677,24,24
264,1,2773245,678,24,24
264,1,2773367,679,24,24
264,1,2773492,680,24,24
264,1,2773622,681,24,24
265,1,2800965,695,25,25
265,1,2801058,696,25,25
265,1,2801170,697,25,25
265,1,2801282,698,25,25
265,1,2801394,699,25,25
265,1,2801494,700,25,25
265,1,2801610,701,25,25
265,1,2801714,702,25,25
265,1,2801822,703,25,25
265,1,2801927,704,25,25
265,1,2802031,705,25,25
265,1,2802142,706,25,25
265,1,2802254,707,25,25
265,1,2802363,708,25,25
265,1,2802473,709,25,25
265,1,2802590,710,25,25
265,1,2802713,711,25,25
265,1,2802829,712,25,25
265,1,2802937,713,25,25
265,1,2803049,714,25,25
265,1,2803156,715,25,25
265,1,2803269,716,25,25
265,1,2803385,717,25,25
265,1,2803501,718,25,25
265,1,2803620,719,25,25
265,1,2803728,720,25,25
265,1,2803848,721,25,25
265,1,2803968,722,25,25
265,1,2804083,723,25,25
265,1,2804203,724,25,25
265,1,2804323,725,25,25
265,1,2804573,726,25,25
265,1,2804688,727,25,25
265,1,2804808,728,25,25
265,1,2804913,729,25,25
265,1,2805032,730,25,25
265,1,2805148,731,25,25
265,1,2805260,732,25,25
265,1,2805383,733,25,25
265,1,2805502,734,25,25
265,1,2805618,735,25,25
265,1,2821259,736,25,25
265,1,2821359,737,25,25
265,1,2821451,738,25,25
265,1,2821552,739,25,25
265,1,2822458,740,26,26
265,1,2851823,741,26,26
265,1,2851928,742,26,26
265,1,2852017,743,26,26
265,1,2852117,744,26,26
265,1,2853019,745,27,27
265,1,2853054,746,27,27
265,1,2853158,747,27,27
265,1,2853266,748,27,27
265,1,2853374,749,27,27
265,1,2853482,750,27,27
265,1,2853591,751,27,27
265,1,2853702,752,27,27
265,1,2853814,753,27,27
265,1,2853922,754,27,27
265,1,2854034,755,27,27
265,1,2854150,756,27,27
265,1,2854262,757,27,27
265,1,2854366,758,27,27
265,1,2854490,759,27,27
265,1,2854609,760,27,27
265,1,2854721,761,27,27
265,1,2854829,762,27,27
265,1,2854952,763,27,27
265,1,2855061,764,27,27
265,1,2855172,765,27,27
265,1,2855291,766,27,27
265,1,2855411,767,27,27
265,1,2855535,768,27,27
265,1,2855654,769,27,27
265,1,2855778,770,27,27
265,1,2855889,771,27,27
265,1,2856009,772,27,27
265,1,2856125,773,27,27
265,1,2856252,774,27,27
265,1,2856372,775,27,27
265,1,2856496,776,27,27
265,1,2856623,777,27,27
265,1,2856866,778,27,27
265,1,2856982,779,27,27
265,1,2857102,780,27,27
265,1,2857225,781,27,27
265,1,2857340,782,27,27
265,1,2857467,783,27,27
265,1,2857591,784,27,27
265,1,2857710,785,27,27
265,1,2857845,786,27,27
265,1,2857958,787,27,27
265,1,2858070,788,27,27
265,1,2858309,789,27,27
265,1,2858421,790,27,27
265,1,2858659,791,27,27
265,1,2859006,792,27,27
265,1,2859397,793,27,27
265,1,2859516,794,27,27
265,1,2859737,795,27,27
265,1,2859844,796,27,27
265,1,2860207,797,27,27
265,1,2860331,798,27,27
265,1,2860450,799,27,27
265,1,2860701,800,27,27
265,1,2860801,801,27,27
265,1,2860955,802,27,27
265,1,2945689,803,27,27
265,1,2945781,804,27,27
265,1,2946714,805,28,28
265,1,2946746,806,28,28
265,1,2946850,807,28,28
265,1,2946955,808,28,28
265,1,2947059,809,28,28
265,1,2947174,810,28,28
265,1,2947287,811,28,28
265,1,2947406,812,28,28
265,1,2947542,813,28,28
265,1,2947656,814,28,28
265,1,2947791,815,28,28
265,1,2947915,816,28,28
265,1,2948023,817,28,28
265,1,2948140,818,28,28
265,1,2948254,819,28,28
265,1,2948374,820,28,28
265,1,2948490,821,28,28
265,1,2948813,822,28,28
265,1,2948926,823,28,28
265,1,2949042,824,28,28
265,1,2949165,825,28,28
265,1,2949273,826,28,28
265,1,2949389,827,28,28
265,1,2949505,828,28,28
265,1,2949627,829,28,28
265,1,2949794,830,28,28
265,1,2949963,831,28,28
