MM:DD:YYYY hh:mm:ss, Mouse, PelletCount, MotorTurns, BatteryVoltage, Delay
8/22/2021 19:09:07,1,1,1,3.94,15
MM:DD:YYYY hh:mm:ss, Mouse, PelletCount, MotorTurns, BatteryVoltage, Delay
8/22/2021 19:10:03,1,1,1,3.94,15
MM:DD:YYYY hh:mm:ss, Mouse, PelletCount, MotorTurns, BatteryVoltage, Delay
8/22/2021 19:10:14,1,1,2,3.93,15
MM:DD:YYYY hh:mm:ss, Mouse, PelletCount, MotorTurns, BatteryVoltage, Delay
8/22/2021 19:10:02,1,1,1,3.92,15
MM:DD:YYYY hh:mm:ss, Mouse, PelletCount, MotorTurns, BatteryVoltage, Delay
8/22/2021 19:10:05,1,1,2,3.92,15
