MM:DD:YYYY hh:mm:ss, Mouse, PelletCount, MotorTurns, BatteryVoltage, Delay
8/22/2021 18:10:48,2,1,1,4.31,15
MM:DD:YYYY hh:mm:ss, Mouse, PelletCount, MotorTurns, BatteryVoltage, Delay
8/22/2021 18:10:49,2,1,1,4.31,15
MM:DD:YYYY hh:mm:ss, Mouse, PelletCount, MotorTurns, BatteryVoltage, Delay
8/22/2021 18:10:45,2,1,1,4.31,15
8/22/2021 18:11:08,2,2,1,4.32,15
MM:DD:YYYY hh:mm:ss, Mouse, PelletCount, MotorTurns, BatteryVoltage, Delay
8/22/2021 18:10:49,2,1,1,4.31,15
MM:DD:YYYY hh:mm:ss, Mouse, PelletCount, MotorTurns, BatteryVoltage, Delay
8/22/2021 18:10:44,2,1,1,4.31,15
8/22/2021 18:11:11,2,2,1,4.31,15
MM:DD:YYYY hh:mm:ss, Mouse, PelletCount, MotorTurns, BatteryVoltage, Delay
8/22/2021 18:10:46,2,1,1,4.31,15
8/22/2021 18:11:06,2,2,1,4.31,15
8/22/2021 18:11:27,2,3,1,4.31,15
8/22/2021 18:11:54,2,4,1,4.31,15
8/22/2021 18:12:24,2,5,2,4.32,15
MM:DD:YYYY hh:mm:ss, Mouse, PelletCount, MotorTurns, BatteryVoltage, Delay
8/22/2021 18:10:45,2,1,1,4.31,15
8/22/2021 18:11:05,2,2,1,4.31,15
MM:DD:YYYY hh:mm:ss, Mouse, PelletCount, MotorTurns, BatteryVoltage, Delay
8/22/2021 18:10:55,2,1,2,3.93,15
MM:DD:YYYY hh:mm:ss, Mouse, PelletCount, MotorTurns, BatteryVoltage, Delay
8/22/2021 18:10:49,2,1,1,3.92,15
MM:DD:YYYY hh:mm:ss, Mouse, PelletCount, MotorTurns, BatteryVoltage, Delay
8/22/2021 18:10:46,2,1,1,3.92,15
8/22/2021 18:11:29,2,2,3,3.93,15
8/22/2021 18:11:50,2,3,1,3.92,15
8/22/2021 18:12:14,2,4,1,3.92,15
MM:DD:YYYY hh:mm:ss, Mouse, PelletCount, MotorTurns, BatteryVoltage, Delay
8/22/2021 18:10:45,2,1,1,3.92,15
8/22/2021 18:11:07,2,2,1,3.92,15
MM:DD:YYYY hh:mm:ss, Mouse, PelletCount, MotorTurns, BatteryVoltage, Delay
8/22/2021 18:10:46,2,1,1,3.92,15
MM:DD:YYYY hh:mm:ss, Mouse, PelletCount, MotorTurns, BatteryVoltage, Delay
8/22/2021 18:10:52,2,1,1,3.91,15
8/22/2021 18:11:11,2,2,1,3.92,15
8/22/2021 18:12:04,2,3,4,3.92,15
MM:DD:YYYY hh:mm:ss, Mouse, PelletCount, MotorTurns, BatteryVoltage, Delay
8/22/2021 18:10:57,2,1,2,3.92,15
MM:DD:YYYY hh:mm:ss, Mouse, PelletCount, MotorTurns, BatteryVoltage, Delay
8/22/2021 18:10:48,2,1,1,3.92,15
MM:DD:YYYY hh:mm:ss, Mouse, PelletCount, MotorTurns, BatteryVoltage, Delay
8/22/2021 18:10:50,2,1,1,3.92,15
MM:DD:YYYY hh:mm:ss, Mouse, PelletCount, MotorTurns, BatteryVoltage, Delay
8/22/2021 18:10:46,2,1,1,3.92,15
8/22/2021 18:11:15,2,2,2,3.91,15
8/22/2021 18:14:12,2,3,14,3.92,15
