MM:DD:YYYY hh:mm:ss, Mouse, PelletCount, MotorTurns, BatteryVoltage, Delay
7/23/2021 23:54:40,1,1,2,4.36,0
7/23/2021 23:56:58,1,2,20,4.37,15
MM:DD:YYYY hh:mm:ss, Mouse, PelletCount, MotorTurns, BatteryVoltage, Delay
7/23/2021 23:57:22,1,1,30,4.37,0
7/24/2021 0:02:38,1,2,5,4.36,15
MM:DD:YYYY hh:mm:ss, Mouse, PelletCount, MotorTurns, BatteryVoltage, Delay
7/23/2021 23:53:13,1,1,3,4.36,0
MM:DD:YYYY hh:mm:ss, Mouse, PelletCount, MotorTurns, BatteryVoltage, Delay
7/23/2021 23:53:02,1,1,1,4.37,0
MM:DD:YYYY hh:mm:ss, Mouse, PelletCount, MotorTurns, BatteryVoltage, Delay
7/23/2021 23:53:11,1,1,3,4.36,0
7/23/2021 23:53:33,1,2,1,4.36,15
7/23/2021 23:58:26,1,3,43,4.36,15
7/23/2021 23:59:20,1,4,1,4.36,15
7/23/2021 23:59:44,1,5,1,4.36,15
7/24/2021 0:00:08,1,6,1,4.36,15
MM:DD:YYYY hh:mm:ss, Mouse, PelletCount, MotorTurns, BatteryVoltage, Delay
7/23/2021 23:53:08,1,1,2,4.35,0
MM:DD:YYYY hh:mm:ss, Mouse, PelletCount, MotorTurns, BatteryVoltage, Delay
7/23/2021 23:53:03,1,1,1,4.36,0
MM:DD:YYYY hh:mm:ss, Mouse, PelletCount, MotorTurns, BatteryVoltage, Delay
7/23/2021 23:53:03,1,1,1,4.36,0
